{"acc": 0.8693241861521417, "loss": 0.18301281266315333, "_timestamp": 1718958024.645151, "_runtime": 46.35069298744202, "_step": 7, "_wandb": {"runtime": 1}}